Student_ID,Department,Section,Preferred_Slot,Priority
S001,CSE,A,09:00-10:00,1
S002,CSE,A,09:00-10:00,2
S003,CSE,A,10:00-11:00,1
S004,CSE,A,10:00-11:00,2
S005,CSE,A,11:00-12:00,1
S006,CSE,A,11:00-12:00,2
S007,CSE,B,09:00-10:00,1
S008,CSE,B,09:00-10:00,2
S009,CSE,B,10:00-11:00,1
S010,CSE,B,10:00-11:00,2
S011,CSE,B,11:00-12:00,1
S012,CSE,B,11:00-12:00,2
S013,CSE,C,09:00-10:00,1
S014,CSE,C,09:00-10:00,2
S015,CSE,C,10:00-11:00,1
S016,CSE,C,10:00-11:00,2
S017,CSE,C,11:00-12:00,1
S018,CSE,C,11:00-12:00,2
S019,ECE,A,09:00-10:00,2
S020,ECE,A,09:00-10:00,1
S021,ECE,A,10:00-11:00,2
S022,ECE,A,10:00-11:00,1
S023,ECE,A,11:00-12:00,2
S024,ECE,A,11:00-12:00,1
S025,ECE,B,09:00-10:00,1
S026,ECE,B,09:00-10:00,2
S027,ECE,B,10:00-11:00,1
S028,ECE,B,10:00-11:00,2
S029,ECE,B,11:00-12:00,1
S030,ECE,B,11:00-12:00,2
S031,ECE,C,09:00-10:00,2
S032,ECE,C,09:00-10:00,1
S033,ECE,C,10:00-11:00,2
S034,ECE,C,10:00-11:00,1
S035,ECE,C,11:00-12:00,2
S036,ECE,C,11:00-12:00,1
S037,CSE,D,09:00-10:00,1
S038,CSE,D,09:00-10:00,2
S039,CSE,D,10:00-11:00,1
S040,CSE,D,10:00-11:00,2
S041,CSE,D,11:00-12:00,1
S042,CSE,D,11:00-12:00,2
S043,ECE,D,09:00-10:00,2
S044,ECE,D,09:00-10:00,1
S045,ECE,D,10:00-11:00,2
S046,ECE,D,10:00-11:00,1
S047,ECE,D,11:00-12:00,2
S048,ECE,D,11:00-12:00,1
S049,CSE,E,09:00-10:00,1
S050,CSE,E,09:00-10:00,2
